"","TOTAL_ADULT_POP","IncidentCases"
"WHITE_ALONE",165547610,575929
"BLACK_ALONE",30942735,103139
"AIAN_ALONE",2718370,3525
"ASIAN_ALONE",15879613,49428
"NHPI_ALONE",494844,525
"OTHER_ALONE",19923476,63198
"TWO_MORE",22836633,76387
"Hispanic_Latino",43322792,146713
"Not_Hispanic_Latino",215020489,748458
